"feature"	"metadata"	"value"	"name"	"coef"	"null_hypothesis"	"stderr"	"pval_individual"	"qval_individual"	"pval_joint"	"qval_joint"	"error"	"model"	"N"	"N_not_zero"
"Unclassified Enterobacteriaceae;T02"	"UCSD.HDL.Particle.._μmol.L"	"UCSD.HDL.Particle.._μmol.L"	"UCSD.HDL.Particle.._μmol.L"	-4.10590863725337	-0.199345936440908	1.09348791938018	0.00948698423427285	0.692206290788593	0.0188839655986844	0.832594920148098	NA	"abundance"	156	76
"Unclassified Enterobacteriaceae;T02"	"Weight_lbs"	"Weight_lbs"	"Weight_lbs"	7.60235286570309	0.255540786813249	1.94783806474595	0.00741430537464749	0.692206290788593	0.0147736388251065	0.832594920148098	NA	"abundance"	156	76
"Unclassified Enterobacteriaceae;T02"	"Year"	"Year"	"Year"	13.3096829205119	0.395803676707869	3.47495754367207	0.00813128352514403	0.692206290788593	0.0161964492785218	0.832594920148098	NA	"abundance"	156	76
"Unclassified Tenericutes;T42"	"UCSD.HDL.Particle.._μmol.L"	"UCSD.HDL.Particle.._μmol.L"	"UCSD.HDL.Particle.._μmol.L"	1.4939651563229	-0.199345936440908	0.547087396933663	0.0107318804773425	0.692206290788593	0.0213485876961051	0.832594920148098	NA	"abundance"	156	149
"[Ruminococcus];T21"	"UCSD.HDL.Particle.._μmol.L"	"UCSD.HDL.Particle.._μmol.L"	"UCSD.HDL.Particle.._μmol.L"	-0.425071475283421	-0.199345936440908	0.440121857278454	0.629691993983505	1	0.862871980680087	1	NA	"abundance"	156	155
"[Ruminococcus];T21"	"Weight_lbs"	"Weight_lbs"	"Weight_lbs"	0.821076572228255	0.255540786813249	0.71006366994976	0.468884330008182	1	0.717916145089142	1	NA	"abundance"	156	155
"[Ruminococcus];T21"	"Year"	"Year"	"Year"	-0.137316160537894	0.395803676707869	1.25747332627235	0.70372315107575	1	0.912220028791517	1	NA	"abundance"	156	155
"Akkermansia;T06"	"UCSD.HDL.Particle.._μmol.L"	"UCSD.HDL.Particle.._μmol.L"	"UCSD.HDL.Particle.._μmol.L"	-1.00767387358343	-0.199345936440908	0.505493140660956	0.149921088840205	1	0.149921088840205	1	NA	"abundance"	156	156
"Akkermansia;T06"	"Weight_lbs"	"Weight_lbs"	"Weight_lbs"	1.21905855423874	0.255540786813249	0.815529400906489	0.28322165187524	1	0.28322165187524	1	NA	"abundance"	156	156
"Akkermansia;T06"	"Year"	"Year"	"Year"	1.69164759140066	0.395803676707869	1.44424579348403	0.416840698589497	1	0.416840698589497	1	NA	"abundance"	156	156
"Bacteroides;T04"	"UCSD.HDL.Particle.._μmol.L"	"UCSD.HDL.Particle.._μmol.L"	"UCSD.HDL.Particle.._μmol.L"	-0.147073841812692	-0.199345936440908	0.348126726224909	0.889649415374882	1	0.889649415374882	1	NA	"abundance"	156	156
"Bacteroides;T04"	"Weight_lbs"	"Weight_lbs"	"Weight_lbs"	-0.111613744311026	0.255540786813249	0.56164477347114	0.565203492829474	1	0.565203492829474	1	NA	"abundance"	156	156
"Bacteroides;T04"	"Year"	"Year"	"Year"	-0.520246794721001	0.395803676707869	0.994633793234629	0.441317454805362	1	0.441317454805362	1	NA	"abundance"	156	156
"Bifidobacterium;T51"	"UCSD.HDL.Particle.._μmol.L"	"UCSD.HDL.Particle.._μmol.L"	"UCSD.HDL.Particle.._μmol.L"	0.228493558216992	-0.199345936440908	1.5079399642773	0.789944216472543	1	0.789944216472543	1	NA	"abundance"	156	99
"Bifidobacterium;T51"	"Weight_lbs"	"Weight_lbs"	"Weight_lbs"	0.934959666865681	0.255540786813249	3.37295753825343	0.84978774893763	1	0.84978774893763	1	NA	"abundance"	156	99
"Bifidobacterium;T51"	"Year"	"Year"	"Year"	2.32443385355745	0.395803676707869	5.42048523727233	0.739727461574161	1	0.739727461574161	1	NA	"abundance"	156	99
"Bilophila;T35"	"UCSD.HDL.Particle.._μmol.L"	"UCSD.HDL.Particle.._μmol.L"	"UCSD.HDL.Particle.._μmol.L"	-0.388246149538705	-0.199345936440908	0.487779511313027	0.712939250346923	1	0.917596126008614	1	NA	"abundance"	156	153
"Bilophila;T35"	"Weight_lbs"	"Weight_lbs"	"Weight_lbs"	0.286223536541506	0.255540786813249	0.78695139584967	0.97079078453034	1	0.999146821731647	1	NA	"abundance"	156	153
"Bilophila;T35"	"Year"	"Year"	"Year"	1.01603022039306	0.395803676707869	1.39363613607181	0.685141924838863	1	0.900864392505824	1	NA	"abundance"	156	153
"Blautia;T14"	"UCSD.HDL.Particle.._μmol.L"	"UCSD.HDL.Particle.._μmol.L"	"UCSD.HDL.Particle.._μmol.L"	-0.145929473759313	-0.199345936440908	0.244873807148681	0.851781333127753	1	0.978031226790614	1	NA	"abundance"	156	155
"Blautia;T14"	"Weight_lbs"	"Weight_lbs"	"Weight_lbs"	0.728756574029922	0.255540786813249	0.395063301908579	0.353302423522783	1	0.581782244578494	1	NA	"abundance"	156	155
"Blautia;T14"	"Year"	"Year"	"Year"	0.446244045746832	0.395803676707869	0.699629604165308	0.956710074597629	1	0.998125982358657	1	NA	"abundance"	156	155
"Clostridium;T48"	"UCSD.HDL.Particle.._μmol.L"	"UCSD.HDL.Particle.._μmol.L"	"UCSD.HDL.Particle.._μmol.L"	0.14494336375545	-0.199345936440908	0.521550816846276	0.529009971080476	1	0.778168392658386	1	NA	"abundance"	156	146
"Clostridium;T48"	"Weight_lbs"	"Weight_lbs"	"Weight_lbs"	0.687847015085433	0.255540786813249	0.841435799996774	0.630729760656828	1	0.863639490335437	1	NA	"abundance"	156	146
"Clostridium;T48"	"Year"	"Year"	"Year"	2.88801055963709	0.395803676707869	1.49012422272138	0.145968364989086	1	0.270629966400585	1	NA	"abundance"	156	146
"Coprococcus;T08"	"UCSD.HDL.Particle.._μmol.L"	"UCSD.HDL.Particle.._μmol.L"	"UCSD.HDL.Particle.._μmol.L"	0.324981808684391	-0.199345936440908	0.498653690398297	0.327450015119406	1	0.547676517837112	1	NA	"abundance"	156	155
"Coprococcus;T08"	"Weight_lbs"	"Weight_lbs"	"Weight_lbs"	-0.0811587871457149	0.255540786813249	0.804495081493287	0.695379029946221	1	0.907206064603495	1	NA	"abundance"	156	155
"Coprococcus;T08"	"Year"	"Year"	"Year"	-1.19176275120056	0.395803676707869	1.42470478199044	0.32049299644823	1	0.538270232124095	1	NA	"abundance"	156	155
"Desulfovibrio;T40"	"UCSD.HDL.Particle.._μmol.L"	"UCSD.HDL.Particle.._μmol.L"	"UCSD.HDL.Particle.._μmol.L"	-0.312846220828798	-0.199345936440908	0.328264972722977	0.753670247215959	1	0.939321652893353	1	NA	"abundance"	156	154
"Desulfovibrio;T40"	"Weight_lbs"	"Weight_lbs"	"Weight_lbs"	0.602489864649765	0.255540786813249	0.52960112612668	0.568817065275775	1	0.814081276802605	1	NA	"abundance"	156	154
"Desulfovibrio;T40"	"Year"	"Year"	"Year"	1.10550097787327	0.395803676707869	0.937886724602055	0.532934708893415	1	0.781850013843521	1	NA	"abundance"	156	154
"Dialister;T23"	"UCSD.HDL.Particle.._μmol.L"	"UCSD.HDL.Particle.._μmol.L"	"UCSD.HDL.Particle.._μmol.L"	-0.325912551258362	-0.199345936440908	0.491254233171784	0.805629040288444	1	0.962219930020809	1	NA	"abundance"	156	153
"Dialister;T23"	"Weight_lbs"	"Weight_lbs"	"Weight_lbs"	1.24603698032216	0.255540786813249	0.792557283660697	0.260826540054405	1	0.453622596112057	1	NA	"abundance"	156	153
"Dialister;T23"	"Year"	"Year"	"Year"	3.82771887354757	0.395803676707869	1.40356377311447	0.043877569207068	1	0.0858298973346149	1	NA	"abundance"	156	153
"Dorea;T24"	"UCSD.HDL.Particle.._μmol.L"	"UCSD.HDL.Particle.._μmol.L"	"UCSD.HDL.Particle.._μmol.L"	0.00358219343483959	-0.199345936440908	0.390004743477337	0.63830909482699	1	0.869179689115129	1	NA	"abundance"	156	154
"Dorea;T24"	"Weight_lbs"	"Weight_lbs"	"Weight_lbs"	-0.0908376633534505	0.255540786813249	0.629208013352828	0.619221327948273	1	0.855007602910523	1	NA	"abundance"	156	154
"Dorea;T24"	"Year"	"Year"	"Year"	-1.16312036286481	0.395803676707869	1.11428358744783	0.240181071141476	1	0.422675195348286	1	NA	"abundance"	156	154
"Faecalibacterium;T11"	"UCSD.HDL.Particle.._μmol.L"	"UCSD.HDL.Particle.._μmol.L"	"UCSD.HDL.Particle.._μmol.L"	-0.315811535310478	-0.199345936440908	0.240317985451712	0.684905952982677	1	0.900715741534245	1	NA	"abundance"	156	154
"Faecalibacterium;T11"	"Weight_lbs"	"Weight_lbs"	"Weight_lbs"	0.29557077051106	0.255540786813249	0.387713238692473	0.934253468595382	1	0.995677393608262	1	NA	"abundance"	156	154
"Faecalibacterium;T11"	"Year"	"Year"	"Year"	0.0015084315703669	0.395803676707869	0.686613153906244	0.679319869003453	1	0.897164253584037	1	NA	"abundance"	156	154
"Lachnospira;T13"	"UCSD.HDL.Particle.._μmol.L"	"UCSD.HDL.Particle.._μmol.L"	"UCSD.HDL.Particle.._μmol.L"	-0.444917678742543	-0.199345936440908	0.397167971053283	0.568428511773214	1	0.813746050549717	1	NA	"abundance"	156	154
"Lachnospira;T13"	"Weight_lbs"	"Weight_lbs"	"Weight_lbs"	0.52575461575826	0.255540786813249	0.640764693797452	0.70260759447884	1	0.911557757138338	1	NA	"abundance"	156	154
"Lachnospira;T13"	"Year"	"Year"	"Year"	2.39882976989405	0.395803676707869	1.13474966396235	0.145676049818084	1	0.270130588145567	1	NA	"abundance"	156	154
"Oscillospira;T38"	"UCSD.HDL.Particle.._μmol.L"	"UCSD.HDL.Particle.._μmol.L"	"UCSD.HDL.Particle.._μmol.L"	-0.254206306682411	-0.199345936440908	0.312880816836152	0.874111007725257	1	0.874111007725257	1	NA	"abundance"	156	156
"Oscillospira;T38"	"Weight_lbs"	"Weight_lbs"	"Weight_lbs"	0.0612925454634961	0.255540786813249	0.504781340407273	0.739186364809295	1	0.739186364809295	1	NA	"abundance"	156	156
"Oscillospira;T38"	"Year"	"Year"	"Year"	0.413360265794206	0.395803676707869	0.893932611996693	0.986983188391216	1	0.986983188391216	1	NA	"abundance"	156	156
"Parabacteroides;T17"	"UCSD.HDL.Particle.._μmol.L"	"UCSD.HDL.Particle.._μmol.L"	"UCSD.HDL.Particle.._μmol.L"	0.207119514489971	-0.199345936440908	0.426791393457054	0.377011254565093	1	0.61188502306144	1	NA	"abundance"	156	154
"Parabacteroides;T17"	"Weight_lbs"	"Weight_lbs"	"Weight_lbs"	-0.788972962258459	0.255540786813249	0.688557175994457	0.185736744379349	1	0.336975350546058	1	NA	"abundance"	156	154
"Parabacteroides;T17"	"Year"	"Year"	"Year"	-1.55179432548081	0.395803676707869	1.21938682271648	0.177955034170039	1	0.324242074153619	1	NA	"abundance"	156	154
"Phascolarctobacterium;T32"	"UCSD.HDL.Particle.._μmol.L"	"UCSD.HDL.Particle.._μmol.L"	"UCSD.HDL.Particle.._μmol.L"	-0.522632087083837	-0.199345936440908	0.629799946447344	0.621456930871531	1	0.856705144814799	1	NA	"abundance"	156	155
"Phascolarctobacterium;T32"	"Weight_lbs"	"Weight_lbs"	"Weight_lbs"	-0.0742876365236893	0.255540786813249	1.01607782915819	0.756493421017932	1	0.94070454599245	1	NA	"abundance"	156	155
"Phascolarctobacterium;T32"	"Year"	"Year"	"Year"	-1.79088550947783	0.395803676707869	1.79940309813842	0.266978194733689	1	0.462679033004118	1	NA	"abundance"	156	155
"Prevotella;T09"	"UCSD.HDL.Particle.._μmol.L"	"UCSD.HDL.Particle.._μmol.L"	"UCSD.HDL.Particle.._μmol.L"	-1.02543618760779	-0.199345936440908	1.05175651039907	0.448177294792449	1	0.695491702017421	1	NA	"abundance"	156	149
"Prevotella;T09"	"Weight_lbs"	"Weight_lbs"	"Weight_lbs"	0.197921472071437	0.255540786813249	1.69683480908114	0.973501608879894	1	0.999297835268046	1	NA	"abundance"	156	149
"Prevotella;T09"	"Year"	"Year"	"Year"	0.400857335933517	0.395803676707869	3.00497631664626	0.998692645312635	1	0.999998290823721	1	NA	"abundance"	156	149
"Providencia;T18"	"UCSD.HDL.Particle.._μmol.L"	"UCSD.HDL.Particle.._μmol.L"	"UCSD.HDL.Particle.._μmol.L"	-0.383538829759134	-0.199345936440908	1.50640257467149	0.906965776829431	1	0.972984955971236	1	NA	"abundance"	156	85
"Providencia;T18"	"Weight_lbs"	"Weight_lbs"	"Weight_lbs"	1.21955946002566	0.255540786813249	2.51771884157178	0.717363449175403	1	0.84496187032763	1	NA	"abundance"	156	85
"Providencia;T18"	"Year"	"Year"	"Year"	1.59096157315517	0.395803676707869	3.31698981825651	0.73457807611582	1	0.92955120232162	1	NA	"abundance"	156	85
"Pseudomonas;T28"	"UCSD.HDL.Particle.._μmol.L"	"UCSD.HDL.Particle.._μmol.L"	"UCSD.HDL.Particle.._μmol.L"	0.529194421823108	-0.199345936440908	0.509319229649991	0.399112252694706	1	0.638933915138369	1	NA	"abundance"	156	66
"Pseudomonas;T28"	"Weight_lbs"	"Weight_lbs"	"Weight_lbs"	-0.5711049489915	0.255540786813249	0.447481920025087	0.367655115822457	1	0.600139947454489	1	NA	"abundance"	156	66
"Pseudomonas;T28"	"Year"	"Year"	"Year"	1.7585902037668	0.395803676707869	1.43356311734029	0.538731775703947	1	0.457529704285352	1	NA	"abundance"	156	66
"Roseburia;T25"	"UCSD.HDL.Particle.._μmol.L"	"UCSD.HDL.Particle.._μmol.L"	"UCSD.HDL.Particle.._μmol.L"	0.528140289849892	-0.199345936440908	0.55728594775419	0.231789327711719	1	0.409852362982387	1	NA	"abundance"	156	139
"Roseburia;T25"	"Weight_lbs"	"Weight_lbs"	"Weight_lbs"	0.218409459321072	0.255540786813249	0.920334027703629	0.969422352060706	1	0.452786881783273	1	NA	"abundance"	156	139
"Roseburia;T25"	"Year"	"Year"	"Year"	0.503629166059517	0.395803676707869	1.66326125713447	0.951680306485921	1	0.405600558367735	1	NA	"abundance"	156	139
"Ruminococcus;T19"	"UCSD.HDL.Particle.._μmol.L"	"UCSD.HDL.Particle.._μmol.L"	"UCSD.HDL.Particle.._μmol.L"	0.100359790726315	-0.199345936440908	0.312936561355139	0.398126159048275	1	0.637747879578017	1	NA	"abundance"	156	154
"Ruminococcus;T19"	"Weight_lbs"	"Weight_lbs"	"Weight_lbs"	-0.0913728789607009	0.255540786813249	0.504871274949439	0.554406250629035	1	0.801446210521525	1	NA	"abundance"	156	154
"Ruminococcus;T19"	"Year"	"Year"	"Year"	-0.0277579552471853	0.395803676707869	0.894091879809806	0.706005181030204	1	0.913567046418917	1	NA	"abundance"	156	154
"Sutterella;T34"	"UCSD.HDL.Particle.._μmol.L"	"UCSD.HDL.Particle.._μmol.L"	"UCSD.HDL.Particle.._μmol.L"	-0.398344157253627	-0.199345936440908	0.525284044916396	0.716071043656379	1	0.919384347749622	1	NA	"abundance"	156	154
"Sutterella;T34"	"Weight_lbs"	"Weight_lbs"	"Weight_lbs"	0.164631078170895	0.255540786813249	0.847458744734445	0.919021523444681	1	0.99344248633478	1	NA	"abundance"	156	154
"Sutterella;T34"	"Year"	"Year"	"Year"	0.408188809448374	0.395803676707869	1.50079043854646	0.993897033872798	1	0.99996275380445	1	NA	"abundance"	156	154
"Synergistes;T44"	"UCSD.HDL.Particle.._μmol.L"	"UCSD.HDL.Particle.._μmol.L"	"UCSD.HDL.Particle.._μmol.L"	-0.187880435647822	-0.199345936440908	0.877662639943211	0.98987300450304	1	0.988948221948562	1	NA	"abundance"	156	123
"Synergistes;T44"	"Weight_lbs"	"Weight_lbs"	"Weight_lbs"	0.173255007605924	0.255540786813249	1.42333344854957	0.955480881589347	1	0.950603874249262	1	NA	"abundance"	156	123
"Synergistes;T44"	"Year"	"Year"	"Year"	0.266942740934321	0.395803676707869	2.65843736996237	0.962768844465193	1	0.709098800409221	1	NA	"abundance"	156	123
"Unclassified [Barnesiellaceae];T31"	"UCSD.HDL.Particle.._μmol.L"	"UCSD.HDL.Particle.._μmol.L"	"UCSD.HDL.Particle.._μmol.L"	-0.640337507048157	-0.199345936440908	0.706413295381645	0.547417595813968	1	0.795169167421191	1	NA	"abundance"	156	153
"Unclassified [Barnesiellaceae];T31"	"Weight_lbs"	"Weight_lbs"	"Weight_lbs"	0.941224717565211	0.255540786813249	1.01874652467006	0.524482969815922	1	0.773883554004914	1	NA	"abundance"	156	153
"Unclassified [Barnesiellaceae];T31"	"Year"	"Year"	"Year"	0.390750017482221	0.395803676707869	1.80773475223312	0.997885834312497	1	0.99312876060713	1	NA	"abundance"	156	153
"Unclassified Christensenellaceae;T15"	"UCSD.HDL.Particle.._μmol.L"	"UCSD.HDL.Particle.._μmol.L"	"UCSD.HDL.Particle.._μmol.L"	0.964503443029788	-0.199345936440908	0.436566590455942	0.0262787323814492	1	0.0518668929873225	1	NA	"abundance"	156	152
"Unclassified Christensenellaceae;T15"	"Weight_lbs"	"Weight_lbs"	"Weight_lbs"	-0.862344005508358	0.255540786813249	0.704327836189416	0.165487567290032	1	0.30358899965249	1	NA	"abundance"	156	152
"Unclassified Christensenellaceae;T15"	"Year"	"Year"	"Year"	-0.231298082457412	0.395803676707869	1.24731556400002	0.653572676023893	1	0.879988109202754	1	NA	"abundance"	156	152
"Unclassified Clostridiaceae;T46"	"UCSD.HDL.Particle.._μmol.L"	"UCSD.HDL.Particle.._μmol.L"	"UCSD.HDL.Particle.._μmol.L"	-0.063624327884458	-0.199345936440908	0.304771126989884	0.690773681781017	1	0.904379084120732	1	NA	"abundance"	156	154
"Unclassified Clostridiaceae;T46"	"Weight_lbs"	"Weight_lbs"	"Weight_lbs"	0.333856839091982	0.255540786813249	0.491697699958233	0.891374590313336	1	0.988200520370404	1	NA	"abundance"	156	154
"Unclassified Clostridiaceae;T46"	"Year"	"Year"	"Year"	0.308486669886159	0.395803676707869	0.870762395618252	0.934277594006856	1	0.995680565350472	1	NA	"abundance"	156	154
"Unclassified Coriobacteriaceae;T47"	"UCSD.HDL.Particle.._μmol.L"	"UCSD.HDL.Particle.._μmol.L"	"UCSD.HDL.Particle.._μmol.L"	0.105592298667482	-0.199345936440908	0.578068780212609	0.614310674890474	1	0.766265863655148	1	NA	"abundance"	156	149
"Unclassified Coriobacteriaceae;T47"	"Weight_lbs"	"Weight_lbs"	"Weight_lbs"	-0.350901766188236	0.255540786813249	0.935644312139788	0.541591909246317	1	0.719907513270174	1	NA	"abundance"	156	149
"Unclassified Coriobacteriaceae;T47"	"Year"	"Year"	"Year"	-1.45188425403041	0.395803676707869	1.6674434453832	0.315006516543313	1	0.530783927621874	1	NA	"abundance"	156	149
"Unclassified Cyanobacteria;T36"	"UCSD.HDL.Particle.._μmol.L"	"UCSD.HDL.Particle.._μmol.L"	"UCSD.HDL.Particle.._μmol.L"	-0.269805315041685	-0.199345936440908	0.664796877820865	0.917738549060418	1	0.993233053689315	1	NA	"abundance"	156	140
"Unclassified Cyanobacteria;T36"	"Weight_lbs"	"Weight_lbs"	"Weight_lbs"	0.0472884649298297	0.255540786813249	1.07253957746064	0.854779525412121	1	0.978911013760471	1	NA	"abundance"	156	140
"Unclassified Cyanobacteria;T36"	"Year"	"Year"	"Year"	0.273623176061911	0.395803676707869	1.89939292362838	0.951228494407909	1	0.997621340242281	1	NA	"abundance"	156	140
"Unclassified Enterobacteriaceae;T03"	"UCSD.HDL.Particle.._μmol.L"	"UCSD.HDL.Particle.._μmol.L"	"UCSD.HDL.Particle.._μmol.L"	1.00017649188653	-0.199345936440908	1.37420949029058	0.398116859445472	1	0.398116859445472	1	NA	"abundance"	156	156
"Unclassified Enterobacteriaceae;T03"	"Weight_lbs"	"Weight_lbs"	"Weight_lbs"	-4.22970960115053	0.255540786813249	2.21705924806677	0.0659324690810206	1	0.0659324690810206	1	NA	"abundance"	156	156
"Unclassified Enterobacteriaceae;T03"	"Year"	"Year"	"Year"	-7.57145464474854	0.395803676707869	3.92625758110767	0.0658524330205446	1	0.0658524330205446	1	NA	"abundance"	156	156
"Unclassified Erysipelotrichaceae;T26"	"UCSD.HDL.Particle.._μmol.L"	"UCSD.HDL.Particle.._μmol.L"	"UCSD.HDL.Particle.._μmol.L"	0.00799322374012311	-0.199345936440908	0.247244555028762	0.495598241623873	1	0.745578866147071	1	NA	"abundance"	156	154
"Unclassified Erysipelotrichaceae;T26"	"Weight_lbs"	"Weight_lbs"	"Weight_lbs"	0.284080566347339	0.255540786813249	0.398888110680099	0.953970120259269	1	0.997881250171054	1	NA	"abundance"	156	154
"Unclassified Erysipelotrichaceae;T26"	"Year"	"Year"	"Year"	0.679367655662129	0.395803676707869	0.706403074224153	0.762264058062057	1	0.943481621910879	1	NA	"abundance"	156	154
"Unclassified Firmicutes;T07"	"UCSD.HDL.Particle.._μmol.L"	"UCSD.HDL.Particle.._μmol.L"	"UCSD.HDL.Particle.._μmol.L"	-0.298631382851175	-0.199345936440908	0.286061838250881	0.760256401732796	1	0.760256401732796	1	NA	"abundance"	156	156
"Unclassified Firmicutes;T07"	"Weight_lbs"	"Weight_lbs"	"Weight_lbs"	0.186350011788629	0.255540786813249	0.461513363496704	0.899112031009321	1	0.899112031009321	1	NA	"abundance"	156	156
"Unclassified Firmicutes;T07"	"Year"	"Year"	"Year"	0.0546932800998936	0.395803676707869	0.817308037117853	0.739597930443972	1	0.739597930443972	1	NA	"abundance"	156	156
"Unclassified Firmicutes;T37"	"UCSD.HDL.Particle.._μmol.L"	"UCSD.HDL.Particle.._μmol.L"	"UCSD.HDL.Particle.._μmol.L"	0.12405184115136	-0.199345936440908	0.440928382025826	0.493097571479851	1	0.547149126872446	1	NA	"abundance"	156	140
"Unclassified Firmicutes;T37"	"Weight_lbs"	"Weight_lbs"	"Weight_lbs"	-0.27114062223397	0.255540786813249	0.68950767351113	0.489283705166042	1	0.739168866191074	1	NA	"abundance"	156	140
"Unclassified Firmicutes;T37"	"Year"	"Year"	"Year"	-0.276103978461274	0.395803676707869	1.22114488153166	0.625125249497845	1	0.859468921435947	1	NA	"abundance"	156	140
"Unclassified Lachnospiraceae;T12"	"UCSD.HDL.Particle.._μmol.L"	"UCSD.HDL.Particle.._μmol.L"	"UCSD.HDL.Particle.._μmol.L"	-0.216672041317463	-0.199345936440908	0.130550095803138	0.932832215706507	1	0.932832215706507	1	NA	"abundance"	156	156
"Unclassified Lachnospiraceae;T12"	"Weight_lbs"	"Weight_lbs"	"Weight_lbs"	0.270976981817645	0.255540786813249	0.210620941917049	0.966403154427064	1	0.966403154427064	1	NA	"abundance"	156	156
"Unclassified Lachnospiraceae;T12"	"Year"	"Year"	"Year"	0.365537371383979	0.395803676707869	0.372995025127515	0.966709546931893	1	0.966709546931893	1	NA	"abundance"	156	156
"Unclassified Lachnospiraceae;T41"	"UCSD.HDL.Particle.._μmol.L"	"UCSD.HDL.Particle.._μmol.L"	"UCSD.HDL.Particle.._μmol.L"	-0.377424652180996	-0.199345936440908	0.376223096462444	0.663103164614262	1	0.886500522307075	1	NA	"abundance"	156	152
"Unclassified Lachnospiraceae;T41"	"Weight_lbs"	"Weight_lbs"	"Weight_lbs"	1.1251142034639	0.255540786813249	0.606973610094924	0.219259610746896	1	0.390444444588911	1	NA	"abundance"	156	152
"Unclassified Lachnospiraceae;T41"	"Year"	"Year"	"Year"	2.23152621548094	0.395803676707869	1.07490800719265	0.161896667583323	1	0.297582804192061	1	NA	"abundance"	156	152
"Unclassified Proteobacteria;T01"	"UCSD.HDL.Particle.._μmol.L"	"UCSD.HDL.Particle.._μmol.L"	"UCSD.HDL.Particle.._μmol.L"	0.707042980006317	-0.199345936440908	0.148727395808151	0.150886229349251	1	0.279005804491268	1	NA	"abundance"	156	91
"Unclassified Proteobacteria;T01"	"Weight_lbs"	"Weight_lbs"	"Weight_lbs"	3.16378175019109	0.255540786813249	0.322504742972101	0.0968984925255687	1	0.18440766719741	1	NA	"abundance"	156	91
"Unclassified Proteobacteria;T01"	"Year"	"Year"	"Year"	9.7051564909807	0.395803676707869	0.492636443974928	0.054750539487007	1	0.106503457399896	1	NA	"abundance"	156	91
"Unclassified Proteobacteria;T29"	"UCSD.HDL.Particle.._μmol.L"	"UCSD.HDL.Particle.._μmol.L"	"UCSD.HDL.Particle.._μmol.L"	-0.477673125033026	-0.199345936440908	0.816213025401509	0.739514311278553	1	0.932147205971313	1	NA	"abundance"	156	140
"Unclassified Proteobacteria;T29"	"Weight_lbs"	"Weight_lbs"	"Weight_lbs"	0.696692023715644	0.255540786813249	1.36168401070311	0.753922937908152	1	0.918481929765653	1	NA	"abundance"	156	140
"Unclassified Proteobacteria;T29"	"Year"	"Year"	"Year"	1.66969453277418	0.395803676707869	2.60417500795672	0.63784158118366	1	0.657381834459153	1	NA	"abundance"	156	140
"Unclassified Rikenellaceae;T10"	"UCSD.HDL.Particle.._μmol.L"	"UCSD.HDL.Particle.._μmol.L"	"UCSD.HDL.Particle.._μmol.L"	0.126160846872252	-0.199345936440908	0.349870487360478	0.398238974079447	1	0.637883667683043	1	NA	"abundance"	156	154
"Unclassified Rikenellaceae;T10"	"Weight_lbs"	"Weight_lbs"	"Weight_lbs"	-0.207642449365171	0.255540786813249	0.564458043048556	0.473444918382738	1	0.722739746023039	1	NA	"abundance"	156	154
"Unclassified Rikenellaceae;T10"	"Year"	"Year"	"Year"	-0.381457569552224	0.395803676707869	0.999615897802048	0.514631451481663	1	0.764417372109203	1	NA	"abundance"	156	154
"Unclassified Ruminococcaceae;T05"	"UCSD.HDL.Particle.._μmol.L"	"UCSD.HDL.Particle.._μmol.L"	"UCSD.HDL.Particle.._μmol.L"	-0.0185200940996283	-0.199345936440908	0.253398055965331	0.543181932291131	1	0.543181932291131	1	NA	"abundance"	156	156
"Unclassified Ruminococcaceae;T05"	"Weight_lbs"	"Weight_lbs"	"Weight_lbs"	0.255540786813249	0.255540786813249	0.408815764546411	1	1	1	1	NA	"abundance"	156	156
"Unclassified Ruminococcaceae;T05"	"Year"	"Year"	"Year"	0.314388904534675	0.395803676707869	0.723984258078039	0.931639552929964	1	0.931639552929964	1	NA	"abundance"	156	156
"Unclassified S24-7;T27"	"UCSD.HDL.Particle.._μmol.L"	"UCSD.HDL.Particle.._μmol.L"	"UCSD.HDL.Particle.._μmol.L"	-0.210811437233994	-0.199345936440908	0.752386530814102	0.988123103980452	1	0.999858939340941	1	NA	"abundance"	156	153
"Unclassified S24-7;T27"	"Weight_lbs"	"Weight_lbs"	"Weight_lbs"	0.273208282998354	0.255540786813249	1.21385096526262	0.988772751933147	1	0.999873948900845	1	NA	"abundance"	156	153
"Unclassified S24-7;T27"	"Year"	"Year"	"Year"	1.78084203862128	0.395803676707869	2.14964555361026	0.540778516683246	1	0.78911562926036	1	NA	"abundance"	156	153
"Unclassified Tenericutes;T42"	"Weight_lbs"	"Weight_lbs"	"Weight_lbs"	-1.62577986757881	0.255540786813249	0.88263483947857	0.0644992188402597	1	0.124838288449516	1	NA	"abundance"	156	149
"Unclassified Tenericutes;T42"	"Year"	"Year"	"Year"	-2.94054143795913	0.395803676707869	1.56308485344913	0.068276691466258	1	0.131891676334938	1	NA	"abundance"	156	149
"Veillonella;T49"	"UCSD.HDL.Particle.._μmol.L"	"UCSD.HDL.Particle.._μmol.L"	"UCSD.HDL.Particle.._μmol.L"	0.151299151443135	-0.199345936440908	0.328685194087737	0.380638383129584	1	0.616391187547664	1	NA	"abundance"	156	91
"Veillonella;T49"	"Weight_lbs"	"Weight_lbs"	"Weight_lbs"	-0.841176921460732	0.255540786813249	0.552005100346056	0.155970867087604	1	0.287614822795148	1	NA	"abundance"	156	91
"Veillonella;T49"	"Year"	"Year"	"Year"	-3.63928767733457	0.395803676707869	1.01248045800627	0.0276387185189853	1	0.0545135382765988	1	NA	"abundance"	156	91
"[Eubacterium];T39"	"UCSD.HDL.Particle.._μmol.L"	"UCSD.HDL.Particle.._μmol.L"	"UCSD.HDL.Particle.._μmol.L"	0.0488506463592758	0	1.01655526173822	0.961672344268589	1	0.961672344268589	1	NA	"prevalence"	156	57
"[Eubacterium];T39"	"Weight_lbs"	"Weight_lbs"	"Weight_lbs"	-0.687622982242876	0	1.6508868184351	0.677031483334174	1	0.677031483334174	1	NA	"prevalence"	156	57
"[Eubacterium];T39"	"Year"	"Year"	"Year"	-2.12996809169836	0	2.81731278864223	0.449632250997642	1	0.449632250997642	1	NA	"prevalence"	156	57
"[Prevotella];T20"	"UCSD.HDL.Particle.._μmol.L"	"UCSD.HDL.Particle.._μmol.L"	"UCSD.HDL.Particle.._μmol.L"	-0.00754615688099517	0	4.33395713155897	0.99861074790458	1	0.99861074790458	1	NA	"prevalence"	156	82
"[Prevotella];T20"	"Weight_lbs"	"Weight_lbs"	"Weight_lbs"	-3.13108518435024	0	7.83424400287258	0.689402140798374	1	0.689402140798374	1	NA	"prevalence"	156	82
"[Prevotella];T20"	"Year"	"Year"	"Year"	-13.094861347233	0	12.4748019057575	0.293853785870831	1	0.293853785870831	1	NA	"prevalence"	156	82
"[Ruminococcus];T21"	"UCSD.HDL.Particle.._μmol.L"	"UCSD.HDL.Particle.._μmol.L"	"UCSD.HDL.Particle.._μmol.L"	3.91702615351665e-16	0	4.34233046778538	1	1	0.862871980680087	1	NA	"prevalence"	156	155
"[Ruminococcus];T21"	"Weight_lbs"	"Weight_lbs"	"Weight_lbs"	1.48639540731645e-15	0	7.00563050232608	1	1	0.717916145089142	1	NA	"prevalence"	156	155
"[Ruminococcus];T21"	"Year"	"Year"	"Year"	6.29809016509322e-15	0	12.4064839016736	1	1	0.912220028791517	1	NA	"prevalence"	156	155
"Aggregatibacter;T50"	"UCSD.HDL.Particle.._μmol.L"	"UCSD.HDL.Particle.._μmol.L"	"UCSD.HDL.Particle.._μmol.L"	0.426818515407904	0	3.74782428284925	0.909329475323885	1	0.909329475323885	1	NA	"prevalence"	156	52
"Aggregatibacter;T50"	"Weight_lbs"	"Weight_lbs"	"Weight_lbs"	-2.3150604760728	0	6.32811073880384	0.714486304646615	1	0.714486304646615	1	NA	"prevalence"	156	52
"Aggregatibacter;T50"	"Year"	"Year"	"Year"	-7.82460648144724	0	9.59234728649868	0.414664057535464	1	0.414664057535464	1	NA	"prevalence"	156	52
"Bilophila;T35"	"UCSD.HDL.Particle.._μmol.L"	"UCSD.HDL.Particle.._μmol.L"	"UCSD.HDL.Particle.._μmol.L"	3.91702615351665e-16	0	4.34233046778538	1	1	0.917596126008614	1	NA	"prevalence"	156	153
"Bilophila;T35"	"Weight_lbs"	"Weight_lbs"	"Weight_lbs"	1.48639540731645e-15	0	7.00563050232608	1	1	0.999146821731647	1	NA	"prevalence"	156	153
"Bilophila;T35"	"Year"	"Year"	"Year"	6.29809016509322e-15	0	12.4064839016736	1	1	0.900864392505824	1	NA	"prevalence"	156	153
"Blautia;T14"	"UCSD.HDL.Particle.._μmol.L"	"UCSD.HDL.Particle.._μmol.L"	"UCSD.HDL.Particle.._μmol.L"	3.91702615351665e-16	0	4.34233046778538	1	1	0.978031226790614	1	NA	"prevalence"	156	155
"Blautia;T14"	"Weight_lbs"	"Weight_lbs"	"Weight_lbs"	1.48639540731645e-15	0	7.00563050232608	1	1	0.581782244578494	1	NA	"prevalence"	156	155
"Blautia;T14"	"Year"	"Year"	"Year"	6.29809016509322e-15	0	12.4064839016736	1	1	0.998125982358657	1	NA	"prevalence"	156	155
"Clostridium;T48"	"UCSD.HDL.Particle.._μmol.L"	"UCSD.HDL.Particle.._μmol.L"	"UCSD.HDL.Particle.._μmol.L"	3.91702615351665e-16	0	4.34233046778538	1	1	0.778168392658386	1	NA	"prevalence"	156	146
"Clostridium;T48"	"Weight_lbs"	"Weight_lbs"	"Weight_lbs"	1.48639540731645e-15	0	7.00563050232608	1	1	0.863639490335437	1	NA	"prevalence"	156	146
"Clostridium;T48"	"Year"	"Year"	"Year"	6.29809016509322e-15	0	12.4064839016736	1	1	0.270629966400585	1	NA	"prevalence"	156	146
"Coprococcus;T08"	"UCSD.HDL.Particle.._μmol.L"	"UCSD.HDL.Particle.._μmol.L"	"UCSD.HDL.Particle.._μmol.L"	3.91702615351665e-16	0	4.34233046778538	1	1	0.547676517837112	1	NA	"prevalence"	156	155
"Coprococcus;T08"	"Weight_lbs"	"Weight_lbs"	"Weight_lbs"	1.48639540731645e-15	0	7.00563050232608	1	1	0.907206064603495	1	NA	"prevalence"	156	155
"Coprococcus;T08"	"Year"	"Year"	"Year"	6.29809016509322e-15	0	12.4064839016736	1	1	0.538270232124095	1	NA	"prevalence"	156	155
"Desulfovibrio;T40"	"UCSD.HDL.Particle.._μmol.L"	"UCSD.HDL.Particle.._μmol.L"	"UCSD.HDL.Particle.._μmol.L"	3.91702615351665e-16	0	4.34233046778538	1	1	0.939321652893353	1	NA	"prevalence"	156	154
"Desulfovibrio;T40"	"Weight_lbs"	"Weight_lbs"	"Weight_lbs"	1.48639540731645e-15	0	7.00563050232608	1	1	0.814081276802605	1	NA	"prevalence"	156	154
"Desulfovibrio;T40"	"Year"	"Year"	"Year"	6.29809016509322e-15	0	12.4064839016736	1	1	0.781850013843521	1	NA	"prevalence"	156	154
"Dialister;T23"	"UCSD.HDL.Particle.._μmol.L"	"UCSD.HDL.Particle.._μmol.L"	"UCSD.HDL.Particle.._μmol.L"	3.91702615351665e-16	0	4.34233046778538	1	1	0.962219930020809	1	NA	"prevalence"	156	153
"Dialister;T23"	"Weight_lbs"	"Weight_lbs"	"Weight_lbs"	1.48639540731645e-15	0	7.00563050232608	1	1	0.453622596112057	1	NA	"prevalence"	156	153
"Dialister;T23"	"Year"	"Year"	"Year"	6.29809016509322e-15	0	12.4064839016736	1	1	0.0858298973346149	1	NA	"prevalence"	156	153
"Dorea;T24"	"UCSD.HDL.Particle.._μmol.L"	"UCSD.HDL.Particle.._μmol.L"	"UCSD.HDL.Particle.._μmol.L"	3.91702615351665e-16	0	4.34233046778538	1	1	0.869179689115129	1	NA	"prevalence"	156	154
"Dorea;T24"	"Weight_lbs"	"Weight_lbs"	"Weight_lbs"	1.48639540731645e-15	0	7.00563050232608	1	1	0.855007602910523	1	NA	"prevalence"	156	154
"Dorea;T24"	"Year"	"Year"	"Year"	6.29809016509322e-15	0	12.4064839016736	1	1	0.422675195348286	1	NA	"prevalence"	156	154
"Erwinia;T33"	"UCSD.HDL.Particle.._μmol.L"	"UCSD.HDL.Particle.._μmol.L"	"UCSD.HDL.Particle.._μmol.L"	-9.34060082761665e-16	0	4.34233046778538	1	1	1	1	NA	"prevalence"	156	7
"Erwinia;T33"	"Weight_lbs"	"Weight_lbs"	"Weight_lbs"	-3.16569111656813e-16	0	7.00563050232609	1	1	1	1	NA	"prevalence"	156	7
"Erwinia;T33"	"Year"	"Year"	"Year"	-5.42291187275787e-15	0	12.4064839016736	1	1	1	1	NA	"prevalence"	156	7
"Faecalibacterium;T11"	"UCSD.HDL.Particle.._μmol.L"	"UCSD.HDL.Particle.._μmol.L"	"UCSD.HDL.Particle.._μmol.L"	3.91702615351665e-16	0	4.34233046778538	1	1	0.900715741534245	1	NA	"prevalence"	156	154
"Faecalibacterium;T11"	"Weight_lbs"	"Weight_lbs"	"Weight_lbs"	1.48639540731645e-15	0	7.00563050232608	1	1	0.995677393608262	1	NA	"prevalence"	156	154
"Faecalibacterium;T11"	"Year"	"Year"	"Year"	6.29809016509322e-15	0	12.4064839016736	1	1	0.897164253584037	1	NA	"prevalence"	156	154
"Fusobacterium;T30"	"UCSD.HDL.Particle.._μmol.L"	"UCSD.HDL.Particle.._μmol.L"	"UCSD.HDL.Particle.._μmol.L"	2.1082454923093	0	3.11464402319438	0.498481025863821	1	0.498481025863821	1	NA	"prevalence"	156	85
"Fusobacterium;T30"	"Weight_lbs"	"Weight_lbs"	"Weight_lbs"	-11.8506629289923	0	7.83887292034426	0.130589461551621	1	0.130589461551621	1	NA	"prevalence"	156	85
"Fusobacterium;T30"	"Year"	"Year"	"Year"	-24.8005548227127	0	15.2858326397196	0.104706251669203	1	0.104706251669203	1	NA	"prevalence"	156	85
"Lachnobacterium;T52"	"UCSD.HDL.Particle.._μmol.L"	"UCSD.HDL.Particle.._μmol.L"	"UCSD.HDL.Particle.._μmol.L"	-9.34060082761665e-16	0	4.34233046778538	1	1	1	1	NA	"prevalence"	156	19
"Lachnobacterium;T52"	"Weight_lbs"	"Weight_lbs"	"Weight_lbs"	-3.16569111656813e-16	0	7.00563050232609	1	1	1	1	NA	"prevalence"	156	19
"Lachnobacterium;T52"	"Year"	"Year"	"Year"	-5.42291187275787e-15	0	12.4064839016736	1	1	1	1	NA	"prevalence"	156	19
"Lachnospira;T13"	"UCSD.HDL.Particle.._μmol.L"	"UCSD.HDL.Particle.._μmol.L"	"UCSD.HDL.Particle.._μmol.L"	3.91702615351665e-16	0	4.34233046778538	1	1	0.813746050549717	1	NA	"prevalence"	156	154
"Lachnospira;T13"	"Weight_lbs"	"Weight_lbs"	"Weight_lbs"	1.48639540731645e-15	0	7.00563050232608	1	1	0.911557757138338	1	NA	"prevalence"	156	154
"Lachnospira;T13"	"Year"	"Year"	"Year"	6.29809016509322e-15	0	12.4064839016736	1	1	0.270130588145567	1	NA	"prevalence"	156	154
"Methanobrevibacter;T16"	"UCSD.HDL.Particle.._μmol.L"	"UCSD.HDL.Particle.._μmol.L"	"UCSD.HDL.Particle.._μmol.L"	3.30682962710336	0	2.41575554442287	0.17104323640215	1	0.17104323640215	1	NA	"prevalence"	156	46
"Methanobrevibacter;T16"	"Weight_lbs"	"Weight_lbs"	"Weight_lbs"	-5.52801145618453	0	3.69990002760116	0.135150132054899	1	0.135150132054899	1	NA	"prevalence"	156	46
"Methanobrevibacter;T16"	"Year"	"Year"	"Year"	-8.98783035701899	0	6.48212071542729	0.165576864214735	1	0.165576864214735	1	NA	"prevalence"	156	46
"Parabacteroides;T17"	"UCSD.HDL.Particle.._μmol.L"	"UCSD.HDL.Particle.._μmol.L"	"UCSD.HDL.Particle.._μmol.L"	3.91702615351665e-16	0	4.34233046778538	1	1	0.61188502306144	1	NA	"prevalence"	156	154
"Parabacteroides;T17"	"Weight_lbs"	"Weight_lbs"	"Weight_lbs"	1.48639540731645e-15	0	7.00563050232608	1	1	0.336975350546058	1	NA	"prevalence"	156	154
"Parabacteroides;T17"	"Year"	"Year"	"Year"	6.29809016509322e-15	0	12.4064839016736	1	1	0.324242074153619	1	NA	"prevalence"	156	154
"Parvimonas;T45"	"UCSD.HDL.Particle.._μmol.L"	"UCSD.HDL.Particle.._μmol.L"	"UCSD.HDL.Particle.._μmol.L"	0.426818515407904	0	3.74782428284925	0.909329475323885	1	0.909329475323885	1	NA	"prevalence"	156	74
"Parvimonas;T45"	"Weight_lbs"	"Weight_lbs"	"Weight_lbs"	-2.3150604760728	0	6.32811073880384	0.714486304646615	1	0.714486304646615	1	NA	"prevalence"	156	74
"Parvimonas;T45"	"Year"	"Year"	"Year"	-7.82460648144724	0	9.59234728649868	0.414664057535464	1	0.414664057535464	1	NA	"prevalence"	156	74
"Phascolarctobacterium;T32"	"UCSD.HDL.Particle.._μmol.L"	"UCSD.HDL.Particle.._μmol.L"	"UCSD.HDL.Particle.._μmol.L"	3.91702615351665e-16	0	4.34233046778538	1	1	0.856705144814799	1	NA	"prevalence"	156	155
"Phascolarctobacterium;T32"	"Weight_lbs"	"Weight_lbs"	"Weight_lbs"	1.48639540731645e-15	0	7.00563050232608	1	1	0.94070454599245	1	NA	"prevalence"	156	155
"Phascolarctobacterium;T32"	"Year"	"Year"	"Year"	6.29809016509322e-15	0	12.4064839016736	1	1	0.462679033004118	1	NA	"prevalence"	156	155
"Prevotella;T09"	"UCSD.HDL.Particle.._μmol.L"	"UCSD.HDL.Particle.._μmol.L"	"UCSD.HDL.Particle.._μmol.L"	3.91702615351665e-16	0	4.34233046778538	1	1	0.695491702017421	1	NA	"prevalence"	156	149
"Prevotella;T09"	"Weight_lbs"	"Weight_lbs"	"Weight_lbs"	1.48639540731645e-15	0	7.00563050232608	1	1	0.999297835268046	1	NA	"prevalence"	156	149
"Prevotella;T09"	"Year"	"Year"	"Year"	6.29809016509322e-15	0	12.4064839016736	1	1	0.999998290823721	1	NA	"prevalence"	156	149
"Providencia;T18"	"UCSD.HDL.Particle.._μmol.L"	"UCSD.HDL.Particle.._μmol.L"	"UCSD.HDL.Particle.._μmol.L"	-1.33229594202451	0	6.42141940230282	0.835637461601605	1	0.972984955971236	1	NA	"prevalence"	156	85
"Providencia;T18"	"Weight_lbs"	"Weight_lbs"	"Weight_lbs"	5.6652133944391	0	10.991194821939	0.606251184544805	1	0.84496187032763	1	NA	"prevalence"	156	85
"Providencia;T18"	"Year"	"Year"	"Year"	0.324260636562826	0	12.28295670309	0.978938905874361	1	0.92955120232162	1	NA	"prevalence"	156	85
"Pseudomonas;T28"	"UCSD.HDL.Particle.._μmol.L"	"UCSD.HDL.Particle.._μmol.L"	"UCSD.HDL.Particle.._μmol.L"	0.58606578646285	0	1.02823740992842	0.568697181654199	1	0.638933915138369	1	NA	"prevalence"	156	66
"Pseudomonas;T28"	"Weight_lbs"	"Weight_lbs"	"Weight_lbs"	1.15059739403919	0	1.69232165537304	0.496572308995337	1	0.600139947454489	1	NA	"prevalence"	156	66
"Pseudomonas;T28"	"Year"	"Year"	"Year"	4.01775820444295	0	3.59300288870066	0.263474171726036	1	0.457529704285352	1	NA	"prevalence"	156	66
"Roseburia;T25"	"UCSD.HDL.Particle.._μmol.L"	"UCSD.HDL.Particle.._μmol.L"	"UCSD.HDL.Particle.._μmol.L"	1.4805654208229	0	1.97611680842788	0.453718765804836	1	0.409852362982387	1	NA	"prevalence"	156	139
"Roseburia;T25"	"Weight_lbs"	"Weight_lbs"	"Weight_lbs"	-4.02734189504145	0	3.5774001696121	0.260261452797864	1	0.452786881783273	1	NA	"prevalence"	156	139
"Roseburia;T25"	"Year"	"Year"	"Year"	-9.30992855676231	0	7.73976818808803	0.229026951422902	1	0.405600558367735	1	NA	"prevalence"	156	139
"Ruminococcus;T19"	"UCSD.HDL.Particle.._μmol.L"	"UCSD.HDL.Particle.._μmol.L"	"UCSD.HDL.Particle.._μmol.L"	3.91702615351665e-16	0	4.34233046778538	1	1	0.637747879578017	1	NA	"prevalence"	156	154
"Ruminococcus;T19"	"Weight_lbs"	"Weight_lbs"	"Weight_lbs"	1.48639540731645e-15	0	7.00563050232608	1	1	0.801446210521525	1	NA	"prevalence"	156	154
"Ruminococcus;T19"	"Year"	"Year"	"Year"	6.29809016509322e-15	0	12.4064839016736	1	1	0.913567046418917	1	NA	"prevalence"	156	154
"Serratia;T22"	"UCSD.HDL.Particle.._μmol.L"	"UCSD.HDL.Particle.._μmol.L"	"UCSD.HDL.Particle.._μmol.L"	0.803950975788143	0	1.02922974694754	0.434732470824415	1	0.434732470824415	1	NA	"prevalence"	156	29
"Serratia;T22"	"Weight_lbs"	"Weight_lbs"	"Weight_lbs"	0.0532184283715202	0	1.62966180808045	0.973948817940779	1	0.973948817940779	1	NA	"prevalence"	156	29
"Serratia;T22"	"Year"	"Year"	"Year"	1.48068765436621	0	3.24419498148364	0.648094151614122	1	0.648094151614122	1	NA	"prevalence"	156	29
"Sutterella;T34"	"UCSD.HDL.Particle.._μmol.L"	"UCSD.HDL.Particle.._μmol.L"	"UCSD.HDL.Particle.._μmol.L"	3.91702615351665e-16	0	4.34233046778538	1	1	0.919384347749622	1	NA	"prevalence"	156	154
"Sutterella;T34"	"Weight_lbs"	"Weight_lbs"	"Weight_lbs"	1.48639540731645e-15	0	7.00563050232608	1	1	0.99344248633478	1	NA	"prevalence"	156	154
"Sutterella;T34"	"Year"	"Year"	"Year"	6.29809016509322e-15	0	12.4064839016736	1	1	0.99996275380445	1	NA	"prevalence"	156	154
"Synergistes;T44"	"UCSD.HDL.Particle.._μmol.L"	"UCSD.HDL.Particle.._μmol.L"	"UCSD.HDL.Particle.._μmol.L"	0.132953765099842	0	1.00614877627382	0.894872562803813	1	0.988948221948562	1	NA	"prevalence"	156	123
"Synergistes;T44"	"Weight_lbs"	"Weight_lbs"	"Weight_lbs"	-0.48888261119377	0	1.73205701461819	0.777747607997714	1	0.950603874249262	1	NA	"prevalence"	156	123
"Synergistes;T44"	"Year"	"Year"	"Year"	-2.55222675137431	0	3.45932748942125	0.460647425526883	1	0.709098800409221	1	NA	"prevalence"	156	123
"Unclassified [Barnesiellaceae];T31"	"UCSD.HDL.Particle.._μmol.L"	"UCSD.HDL.Particle.._μmol.L"	"UCSD.HDL.Particle.._μmol.L"	3.23019172588492	0	6.89864899057353	0.639616253631275	1	0.795169167421191	1	NA	"prevalence"	156	153
"Unclassified [Barnesiellaceae];T31"	"Weight_lbs"	"Weight_lbs"	"Weight_lbs"	0.209420881028953	0	12.7637671599874	0.986909335713298	1	0.773883554004914	1	NA	"prevalence"	156	153
"Unclassified [Barnesiellaceae];T31"	"Year"	"Year"	"Year"	1.82591253531308	0	17.5436109405581	0.917107060657313	1	0.99312876060713	1	NA	"prevalence"	156	153
"Unclassified Burkholderiaceae;T43"	"UCSD.HDL.Particle.._μmol.L"	"UCSD.HDL.Particle.._μmol.L"	"UCSD.HDL.Particle.._μmol.L"	-9.34060082761665e-16	0	4.34233046778538	1	1	1	1	NA	"prevalence"	156	19
"Unclassified Burkholderiaceae;T43"	"Weight_lbs"	"Weight_lbs"	"Weight_lbs"	-3.16569111656813e-16	0	7.00563050232609	1	1	1	1	NA	"prevalence"	156	19
"Unclassified Burkholderiaceae;T43"	"Year"	"Year"	"Year"	-5.42291187275787e-15	0	12.4064839016736	1	1	1	1	NA	"prevalence"	156	19
"Unclassified Christensenellaceae;T15"	"UCSD.HDL.Particle.._μmol.L"	"UCSD.HDL.Particle.._μmol.L"	"UCSD.HDL.Particle.._μmol.L"	3.91702615351665e-16	0	4.34233046778538	1	1	0.0518668929873225	1	NA	"prevalence"	156	152
"Unclassified Christensenellaceae;T15"	"Weight_lbs"	"Weight_lbs"	"Weight_lbs"	1.48639540731645e-15	0	7.00563050232608	1	1	0.30358899965249	1	NA	"prevalence"	156	152
"Unclassified Christensenellaceae;T15"	"Year"	"Year"	"Year"	6.29809016509322e-15	0	12.4064839016736	1	1	0.879988109202754	1	NA	"prevalence"	156	152
"Unclassified Clostridiaceae;T46"	"UCSD.HDL.Particle.._μmol.L"	"UCSD.HDL.Particle.._μmol.L"	"UCSD.HDL.Particle.._μmol.L"	3.91702615351665e-16	0	4.34233046778538	1	1	0.904379084120732	1	NA	"prevalence"	156	154
"Unclassified Clostridiaceae;T46"	"Weight_lbs"	"Weight_lbs"	"Weight_lbs"	1.48639540731645e-15	0	7.00563050232608	1	1	0.988200520370404	1	NA	"prevalence"	156	154
"Unclassified Clostridiaceae;T46"	"Year"	"Year"	"Year"	6.29809016509322e-15	0	12.4064839016736	1	1	0.995680565350472	1	NA	"prevalence"	156	154
"Unclassified Coriobacteriaceae;T47"	"UCSD.HDL.Particle.._μmol.L"	"UCSD.HDL.Particle.._μmol.L"	"UCSD.HDL.Particle.._μmol.L"	2.05979362150273	0	3.17531763618509	0.516539415934606	1	0.766265863655148	1	NA	"prevalence"	156	149
"Unclassified Coriobacteriaceae;T47"	"Weight_lbs"	"Weight_lbs"	"Weight_lbs"	-3.70921536250138	0	5.14283656149751	0.470762353257229	1	0.719907513270174	1	NA	"prevalence"	156	149
"Unclassified Coriobacteriaceae;T47"	"Year"	"Year"	"Year"	-7.75238199409897	0	10.2232417578862	0.448265683448491	1	0.530783927621874	1	NA	"prevalence"	156	149
"Unclassified Cyanobacteria;T36"	"UCSD.HDL.Particle.._μmol.L"	"UCSD.HDL.Particle.._μmol.L"	"UCSD.HDL.Particle.._μmol.L"	3.91702615351665e-16	0	4.34233046778538	1	1	0.993233053689315	1	NA	"prevalence"	156	140
"Unclassified Cyanobacteria;T36"	"Weight_lbs"	"Weight_lbs"	"Weight_lbs"	1.48639540731645e-15	0	7.00563050232608	1	1	0.978911013760471	1	NA	"prevalence"	156	140
"Unclassified Cyanobacteria;T36"	"Year"	"Year"	"Year"	6.29809016509322e-15	0	12.4064839016736	1	1	0.997621340242281	1	NA	"prevalence"	156	140
"Unclassified Enterobacteriaceae;T02"	"UCSD.HDL.Particle.._μmol.L"	"UCSD.HDL.Particle.._μmol.L"	"UCSD.HDL.Particle.._μmol.L"	0.761057574983132	0	1.0539504087896	0.470233007079063	1	0.0188839655986844	0.832594920148098	NA	"prevalence"	156	76
"Unclassified Enterobacteriaceae;T02"	"Weight_lbs"	"Weight_lbs"	"Weight_lbs"	-2.9938567859577	0	1.9146402176647	0.117896152113924	1	0.0147736388251065	0.832594920148098	NA	"prevalence"	156	76
"Unclassified Enterobacteriaceae;T02"	"Year"	"Year"	"Year"	-6.10157245867882	0	3.70444882964383	0.0995388916360504	1	0.0161964492785218	0.832594920148098	NA	"prevalence"	156	76
"Unclassified Erysipelotrichaceae;T26"	"UCSD.HDL.Particle.._μmol.L"	"UCSD.HDL.Particle.._μmol.L"	"UCSD.HDL.Particle.._μmol.L"	3.91702615351665e-16	0	4.34233046778538	1	1	0.745578866147071	1	NA	"prevalence"	156	154
"Unclassified Erysipelotrichaceae;T26"	"Weight_lbs"	"Weight_lbs"	"Weight_lbs"	1.48639540731645e-15	0	7.00563050232608	1	1	0.997881250171054	1	NA	"prevalence"	156	154
"Unclassified Erysipelotrichaceae;T26"	"Year"	"Year"	"Year"	6.29809016509322e-15	0	12.4064839016736	1	1	0.943481621910879	1	NA	"prevalence"	156	154
"Unclassified Firmicutes;T37"	"UCSD.HDL.Particle.._μmol.L"	"UCSD.HDL.Particle.._μmol.L"	"UCSD.HDL.Particle.._μmol.L"	-3.0670465113705	0	3.12945768595744	0.32705804624206	1	0.547149126872446	1	NA	"prevalence"	156	140
"Unclassified Firmicutes;T37"	"Weight_lbs"	"Weight_lbs"	"Weight_lbs"	-2.48807520382103	0	5.5843462196804	0.655926249038387	1	0.739168866191074	1	NA	"prevalence"	156	140
"Unclassified Firmicutes;T37"	"Year"	"Year"	"Year"	-6.77775608091315	0	15.6874710305852	0.665705804509954	1	0.859468921435947	1	NA	"prevalence"	156	140
"Unclassified Lachnospiraceae;T41"	"UCSD.HDL.Particle.._μmol.L"	"UCSD.HDL.Particle.._μmol.L"	"UCSD.HDL.Particle.._μmol.L"	3.91702615351665e-16	0	4.34233046778538	1	1	0.886500522307075	1	NA	"prevalence"	156	152
"Unclassified Lachnospiraceae;T41"	"Weight_lbs"	"Weight_lbs"	"Weight_lbs"	1.48639540731645e-15	0	7.00563050232608	1	1	0.390444444588911	1	NA	"prevalence"	156	152
"Unclassified Lachnospiraceae;T41"	"Year"	"Year"	"Year"	6.29809016509322e-15	0	12.4064839016736	1	1	0.297582804192061	1	NA	"prevalence"	156	152
"Unclassified Proteobacteria;T01"	"UCSD.HDL.Particle.._μmol.L"	"UCSD.HDL.Particle.._μmol.L"	"UCSD.HDL.Particle.._μmol.L"	0.163726230530635	0	0.943970607103913	0.86230228183489	1	0.279005804491268	1	NA	"prevalence"	156	91
"Unclassified Proteobacteria;T01"	"Weight_lbs"	"Weight_lbs"	"Weight_lbs"	-0.623408013989457	0	1.6326885976084	0.702588134270445	1	0.18440766719741	1	NA	"prevalence"	156	91
"Unclassified Proteobacteria;T01"	"Year"	"Year"	"Year"	0.649818340690774	0	3.06738352331227	0.832225803846578	1	0.106503457399896	1	NA	"prevalence"	156	91
"Unclassified Proteobacteria;T29"	"UCSD.HDL.Particle.._μmol.L"	"UCSD.HDL.Particle.._μmol.L"	"UCSD.HDL.Particle.._μmol.L"	-0.426818515407921	0	3.74782428284928	0.909329475323882	1	0.932147205971313	1	NA	"prevalence"	156	140
"Unclassified Proteobacteria;T29"	"Weight_lbs"	"Weight_lbs"	"Weight_lbs"	2.31506047607283	0	6.32811073880388	0.714486304646613	1	0.918481929765653	1	NA	"prevalence"	156	140
"Unclassified Proteobacteria;T29"	"Year"	"Year"	"Year"	7.82460648144728	0	9.59234728649871	0.414664057535464	1	0.657381834459153	1	NA	"prevalence"	156	140
"Unclassified Rikenellaceae;T10"	"UCSD.HDL.Particle.._μmol.L"	"UCSD.HDL.Particle.._μmol.L"	"UCSD.HDL.Particle.._μmol.L"	3.91702615351665e-16	0	4.34233046778538	1	1	0.637883667683043	1	NA	"prevalence"	156	154
"Unclassified Rikenellaceae;T10"	"Weight_lbs"	"Weight_lbs"	"Weight_lbs"	1.48639540731645e-15	0	7.00563050232608	1	1	0.722739746023039	1	NA	"prevalence"	156	154
"Unclassified Rikenellaceae;T10"	"Year"	"Year"	"Year"	6.29809016509322e-15	0	12.4064839016736	1	1	0.764417372109203	1	NA	"prevalence"	156	154
"Unclassified S24-7;T27"	"UCSD.HDL.Particle.._μmol.L"	"UCSD.HDL.Particle.._μmol.L"	"UCSD.HDL.Particle.._μmol.L"	3.91702615351665e-16	0	4.34233046778538	1	1	0.999858939340941	1	NA	"prevalence"	156	153
"Unclassified S24-7;T27"	"Weight_lbs"	"Weight_lbs"	"Weight_lbs"	1.48639540731645e-15	0	7.00563050232608	1	1	0.999873948900845	1	NA	"prevalence"	156	153
"Unclassified S24-7;T27"	"Year"	"Year"	"Year"	6.29809016509322e-15	0	12.4064839016736	1	1	0.78911562926036	1	NA	"prevalence"	156	153
"Unclassified Tenericutes;T42"	"UCSD.HDL.Particle.._μmol.L"	"UCSD.HDL.Particle.._μmol.L"	"UCSD.HDL.Particle.._μmol.L"	3.91702615351665e-16	0	4.34233046778538	1	1	0.0213485876961051	0.832594920148098	NA	"prevalence"	156	149
"Unclassified Tenericutes;T42"	"Weight_lbs"	"Weight_lbs"	"Weight_lbs"	1.48639540731645e-15	0	7.00563050232608	1	1	0.124838288449516	1	NA	"prevalence"	156	149
"Unclassified Tenericutes;T42"	"Year"	"Year"	"Year"	6.29809016509322e-15	0	12.4064839016736	1	1	0.131891676334938	1	NA	"prevalence"	156	149
"Veillonella;T49"	"UCSD.HDL.Particle.._μmol.L"	"UCSD.HDL.Particle.._μmol.L"	"UCSD.HDL.Particle.._μmol.L"	-0.657957268516843	0	1.00815606751858	0.51399204239311	1	0.616391187547664	1	NA	"prevalence"	156	91
"Veillonella;T49"	"Weight_lbs"	"Weight_lbs"	"Weight_lbs"	-1.08059837031345	0	1.49100453063193	0.468608362805178	1	0.287614822795148	1	NA	"prevalence"	156	91
"Veillonella;T49"	"Year"	"Year"	"Year"	-2.63609476118518	0	2.66575259074779	0.32272454802231	1	0.0545135382765988	1	NA	"prevalence"	156	91
"[Eubacterium];T39"	"UCSD.HDL.Particle.._μmol.L"	"UCSD.HDL.Particle.._μmol.L"	"UCSD.HDL.Particle.._μmol.L"	-4.12703307597365	NA	NA	NA	NA	0.961672344268589	1	"Fitting error (NA p-value returned from fitting procedure)"	"abundance"	156	57
"[Eubacterium];T39"	"Weight_lbs"	"Weight_lbs"	"Weight_lbs"	-0.808534705499468	NA	NA	NA	NA	0.677031483334174	1	"Fitting error (NA p-value returned from fitting procedure)"	"abundance"	156	57
"[Eubacterium];T39"	"Year"	"Year"	"Year"	-3.46066516916729	NA	NA	NA	NA	0.449632250997642	1	"Fitting error (NA p-value returned from fitting procedure)"	"abundance"	156	57
"[Prevotella];T20"	"UCSD.HDL.Particle.._μmol.L"	"UCSD.HDL.Particle.._μmol.L"	"UCSD.HDL.Particle.._μmol.L"	-34.4253172639109	NA	NA	NA	NA	0.99861074790458	1	"Fitting error (NA p-value returned from fitting procedure)"	"abundance"	156	82
"[Prevotella];T20"	"Weight_lbs"	"Weight_lbs"	"Weight_lbs"	NA	NA	NA	NA	NA	0.689402140798374	1	"Fitting error (NA p-value returned from fitting procedure)"	"abundance"	156	82
"[Prevotella];T20"	"Year"	"Year"	"Year"	NA	NA	NA	NA	NA	0.293853785870831	1	"Fitting error (NA p-value returned from fitting procedure)"	"abundance"	156	82
"Aggregatibacter;T50"	"UCSD.HDL.Particle.._μmol.L"	"UCSD.HDL.Particle.._μmol.L"	"UCSD.HDL.Particle.._μmol.L"	NA	NA	NA	NA	NA	0.909329475323885	1	"Fitting error (NA p-value returned from fitting procedure)"	"abundance"	156	52
"Aggregatibacter;T50"	"Weight_lbs"	"Weight_lbs"	"Weight_lbs"	NA	NA	NA	NA	NA	0.714486304646615	1	"Fitting error (NA p-value returned from fitting procedure)"	"abundance"	156	52
"Aggregatibacter;T50"	"Year"	"Year"	"Year"	NA	NA	NA	NA	NA	0.414664057535464	1	"Fitting error (NA p-value returned from fitting procedure)"	"abundance"	156	52
"Erwinia;T33"	"UCSD.HDL.Particle.._μmol.L"	"UCSD.HDL.Particle.._μmol.L"	"UCSD.HDL.Particle.._μmol.L"	NA	NA	NA	NA	NA	1	1	"0 (non-NA) cases"	"abundance"	156	7
"Erwinia;T33"	"Weight_lbs"	"Weight_lbs"	"Weight_lbs"	NA	NA	NA	NA	NA	1	1	"0 (non-NA) cases"	"abundance"	156	7
"Erwinia;T33"	"Year"	"Year"	"Year"	NA	NA	NA	NA	NA	1	1	"0 (non-NA) cases"	"abundance"	156	7
"Fusobacterium;T30"	"UCSD.HDL.Particle.._μmol.L"	"UCSD.HDL.Particle.._μmol.L"	"UCSD.HDL.Particle.._μmol.L"	59.7168767871391	NA	NA	NA	NA	0.498481025863821	1	"Fitting error (NA p-value returned from fitting procedure)"	"abundance"	156	85
"Fusobacterium;T30"	"Weight_lbs"	"Weight_lbs"	"Weight_lbs"	-397.941711689661	NA	NA	NA	NA	0.130589461551621	1	"Fitting error (NA p-value returned from fitting procedure)"	"abundance"	156	85
"Fusobacterium;T30"	"Year"	"Year"	"Year"	-795.609633519583	NA	NA	NA	NA	0.104706251669203	1	"Fitting error (NA p-value returned from fitting procedure)"	"abundance"	156	85
"Lachnobacterium;T52"	"UCSD.HDL.Particle.._μmol.L"	"UCSD.HDL.Particle.._μmol.L"	"UCSD.HDL.Particle.._μmol.L"	NA	NA	NA	NA	NA	1	1	"0 (non-NA) cases"	"abundance"	156	19
"Lachnobacterium;T52"	"Weight_lbs"	"Weight_lbs"	"Weight_lbs"	NA	NA	NA	NA	NA	1	1	"0 (non-NA) cases"	"abundance"	156	19
"Lachnobacterium;T52"	"Year"	"Year"	"Year"	NA	NA	NA	NA	NA	1	1	"0 (non-NA) cases"	"abundance"	156	19
"Methanobrevibacter;T16"	"UCSD.HDL.Particle.._μmol.L"	"UCSD.HDL.Particle.._μmol.L"	"UCSD.HDL.Particle.._μmol.L"	NA	NA	NA	NA	NA	0.17104323640215	1	"Fitting error (NA p-value returned from fitting procedure)"	"abundance"	156	46
"Methanobrevibacter;T16"	"Weight_lbs"	"Weight_lbs"	"Weight_lbs"	NA	NA	NA	NA	NA	0.135150132054899	1	"Fitting error (NA p-value returned from fitting procedure)"	"abundance"	156	46
"Methanobrevibacter;T16"	"Year"	"Year"	"Year"	2.27960411694178	NA	NA	NA	NA	0.165576864214735	1	"Fitting error (NA p-value returned from fitting procedure)"	"abundance"	156	46
"Parvimonas;T45"	"UCSD.HDL.Particle.._μmol.L"	"UCSD.HDL.Particle.._μmol.L"	"UCSD.HDL.Particle.._μmol.L"	NA	NA	NA	NA	NA	0.909329475323885	1	"Fitting error (NA p-value returned from fitting procedure)"	"abundance"	156	74
"Parvimonas;T45"	"Weight_lbs"	"Weight_lbs"	"Weight_lbs"	NA	NA	NA	NA	NA	0.714486304646615	1	"Fitting error (NA p-value returned from fitting procedure)"	"abundance"	156	74
"Parvimonas;T45"	"Year"	"Year"	"Year"	NA	NA	NA	NA	NA	0.414664057535464	1	"Fitting error (NA p-value returned from fitting procedure)"	"abundance"	156	74
"Serratia;T22"	"UCSD.HDL.Particle.._μmol.L"	"UCSD.HDL.Particle.._μmol.L"	"UCSD.HDL.Particle.._μmol.L"	-1.41711271305873	NA	NA	NA	NA	0.434732470824415	1	"Fitting error (NA p-value returned from fitting procedure)"	"abundance"	156	29
"Serratia;T22"	"Weight_lbs"	"Weight_lbs"	"Weight_lbs"	-3.20849244737933	NA	NA	NA	NA	0.973948817940779	1	"Fitting error (NA p-value returned from fitting procedure)"	"abundance"	156	29
"Serratia;T22"	"Year"	"Year"	"Year"	-5.91163761137609	NA	NA	NA	NA	0.648094151614122	1	"Fitting error (NA p-value returned from fitting procedure)"	"abundance"	156	29
"Unclassified Burkholderiaceae;T43"	"UCSD.HDL.Particle.._μmol.L"	"UCSD.HDL.Particle.._μmol.L"	"UCSD.HDL.Particle.._μmol.L"	NA	NA	NA	NA	NA	1	1	"0 (non-NA) cases"	"abundance"	156	19
"Unclassified Burkholderiaceae;T43"	"Weight_lbs"	"Weight_lbs"	"Weight_lbs"	NA	NA	NA	NA	NA	1	1	"0 (non-NA) cases"	"abundance"	156	19
"Unclassified Burkholderiaceae;T43"	"Year"	"Year"	"Year"	NA	NA	NA	NA	NA	1	1	"0 (non-NA) cases"	"abundance"	156	19
"Akkermansia;T06"	"UCSD.HDL.Particle.._μmol.L"	"UCSD.HDL.Particle.._μmol.L"	"UCSD.HDL.Particle.._μmol.L"	NA	0	NA	NA	NA	0.149921088840205	1	"All logistic values are the same"	"prevalence"	156	156
"Akkermansia;T06"	"Weight_lbs"	"Weight_lbs"	"Weight_lbs"	NA	0	NA	NA	NA	0.28322165187524	1	"All logistic values are the same"	"prevalence"	156	156
"Akkermansia;T06"	"Year"	"Year"	"Year"	NA	0	NA	NA	NA	0.416840698589497	1	"All logistic values are the same"	"prevalence"	156	156
"Bacteroides;T04"	"UCSD.HDL.Particle.._μmol.L"	"UCSD.HDL.Particle.._μmol.L"	"UCSD.HDL.Particle.._μmol.L"	NA	0	NA	NA	NA	0.889649415374882	1	"All logistic values are the same"	"prevalence"	156	156
"Bacteroides;T04"	"Weight_lbs"	"Weight_lbs"	"Weight_lbs"	NA	0	NA	NA	NA	0.565203492829474	1	"All logistic values are the same"	"prevalence"	156	156
"Bacteroides;T04"	"Year"	"Year"	"Year"	NA	0	NA	NA	NA	0.441317454805362	1	"All logistic values are the same"	"prevalence"	156	156
"Bifidobacterium;T51"	"UCSD.HDL.Particle.._μmol.L"	"UCSD.HDL.Particle.._μmol.L"	"UCSD.HDL.Particle.._μmol.L"	15.1817654676793	0	10.9513995181188	0.165659767456433	NA	0.789944216472543	1	"glm.fit: algorithm did not converge"	"prevalence"	156	99
"Bifidobacterium;T51"	"Weight_lbs"	"Weight_lbs"	"Weight_lbs"	-33.7244704654932	0	24.1444446872601	0.162479825372548	NA	0.84978774893763	1	"glm.fit: algorithm did not converge"	"prevalence"	156	99
"Bifidobacterium;T51"	"Year"	"Year"	"Year"	-45.7475686353199	0	32.4647100078883	0.158791524278041	NA	0.739727461574161	1	"glm.fit: algorithm did not converge"	"prevalence"	156	99
"Oscillospira;T38"	"UCSD.HDL.Particle.._μmol.L"	"UCSD.HDL.Particle.._μmol.L"	"UCSD.HDL.Particle.._μmol.L"	NA	0	NA	NA	NA	0.874111007725257	1	"All logistic values are the same"	"prevalence"	156	156
"Oscillospira;T38"	"Weight_lbs"	"Weight_lbs"	"Weight_lbs"	NA	0	NA	NA	NA	0.739186364809295	1	"All logistic values are the same"	"prevalence"	156	156
"Oscillospira;T38"	"Year"	"Year"	"Year"	NA	0	NA	NA	NA	0.986983188391216	1	"All logistic values are the same"	"prevalence"	156	156
"Unclassified Enterobacteriaceae;T03"	"UCSD.HDL.Particle.._μmol.L"	"UCSD.HDL.Particle.._μmol.L"	"UCSD.HDL.Particle.._μmol.L"	NA	0	NA	NA	NA	0.398116859445472	1	"All logistic values are the same"	"prevalence"	156	156
"Unclassified Enterobacteriaceae;T03"	"Weight_lbs"	"Weight_lbs"	"Weight_lbs"	NA	0	NA	NA	NA	0.0659324690810206	1	"All logistic values are the same"	"prevalence"	156	156
"Unclassified Enterobacteriaceae;T03"	"Year"	"Year"	"Year"	NA	0	NA	NA	NA	0.0658524330205446	1	"All logistic values are the same"	"prevalence"	156	156
"Unclassified Firmicutes;T07"	"UCSD.HDL.Particle.._μmol.L"	"UCSD.HDL.Particle.._μmol.L"	"UCSD.HDL.Particle.._μmol.L"	NA	0	NA	NA	NA	0.760256401732796	1	"All logistic values are the same"	"prevalence"	156	156
"Unclassified Firmicutes;T07"	"Weight_lbs"	"Weight_lbs"	"Weight_lbs"	NA	0	NA	NA	NA	0.899112031009321	1	"All logistic values are the same"	"prevalence"	156	156
"Unclassified Firmicutes;T07"	"Year"	"Year"	"Year"	NA	0	NA	NA	NA	0.739597930443972	1	"All logistic values are the same"	"prevalence"	156	156
"Unclassified Lachnospiraceae;T12"	"UCSD.HDL.Particle.._μmol.L"	"UCSD.HDL.Particle.._μmol.L"	"UCSD.HDL.Particle.._μmol.L"	NA	0	NA	NA	NA	0.932832215706507	1	"All logistic values are the same"	"prevalence"	156	156
"Unclassified Lachnospiraceae;T12"	"Weight_lbs"	"Weight_lbs"	"Weight_lbs"	NA	0	NA	NA	NA	0.966403154427064	1	"All logistic values are the same"	"prevalence"	156	156
"Unclassified Lachnospiraceae;T12"	"Year"	"Year"	"Year"	NA	0	NA	NA	NA	0.966709546931893	1	"All logistic values are the same"	"prevalence"	156	156
"Unclassified Ruminococcaceae;T05"	"UCSD.HDL.Particle.._μmol.L"	"UCSD.HDL.Particle.._μmol.L"	"UCSD.HDL.Particle.._μmol.L"	NA	0	NA	NA	NA	0.543181932291131	1	"All logistic values are the same"	"prevalence"	156	156
"Unclassified Ruminococcaceae;T05"	"Weight_lbs"	"Weight_lbs"	"Weight_lbs"	NA	0	NA	NA	NA	1	1	"All logistic values are the same"	"prevalence"	156	156
"Unclassified Ruminococcaceae;T05"	"Year"	"Year"	"Year"	NA	0	NA	NA	NA	0.931639552929964	1	"All logistic values are the same"	"prevalence"	156	156
